image,text,aisling,deoch
"1st-annual-insect-event-elite-insect-catcher.png","1st Annual Insect Event- Elite Insect Catcher-","adriela","76"
"1st-annual-insect-event-junior-insect-catcher.png","1st Annual Insect Event- Junior Insect Catcher-","xlimited","76"
"1st-annual-insect-event-novice-insect-catcher.png","1st Annual Insect Event- Novice Insect Catcher-","quigs","76"
"2nd-annual-insect-event-elite-insect-catcher.png","2nd Annual Insect Event- Elite Insect Catcher-","adriela","84"
"2nd-annual-insect-event-junior-insect-catcher.png","2nd Annual Insect Event- Junior Insect Catcher-","leannaei","85"
"2nd-annual-insect-event-master-insect-catcher.png","2nd Annual Insect Event- Master Insect Catcher-","ozmo","85"
"3rd-annual-insect-event-elite-insect-catcher.png","3rd Annual Insect Event- Elite Insect Catcher-","amarranth","92"
"3rd-annual-insect-event-novice-insect-catcher.png","3rd Annual Insect Event- Novice Insect Catcher-","madare","93"
"3rd-annual-insect-event-veteran-insect-catcher.png","3rd Annual Insect Event- Veteran Insect Catcher-","fang","92"
"abel-clave-artist.png","Abel Clave Artist","mayheart","8"
"abel-mundane-birth.png","Abel mundane birth","airy",""
"-able-to-sponsor.png","- Able to Sponsor","nalyd",""
"accumulated-gillams-precious-coins.png","Accumulated Gillam's precious coins","acesin","182"
"acquired-gillams-precious-coins.png","Acquired Gillam's precious coins","ariesyeo","174"
"acquired-lonely-santas-satchel.png","Acquired Lonely Santa's Satchel","arohanui","184"
"admitted-citizen.png","Admitted Citizen","nenya","7"
"admitted-guild-member.png","Admitted Guild member","mayheart","11"
"adoration-of-danaan.png","Adoration of Danaan","blader","11"
"adoration-of-danaan-nonincrementing.png","Adoration of Danaan non-incrementing","image","20"
"adranuchs-redemption-at-pravat.png","Adranuch's Redemption at Pravat","biomagus","11"
"adranuchs-redemption-at-pravat-nonincrementing.png","Adranuch's Redemption at Pravat non-incrementing","carnaugh","19"
"aided-captain-spack-jarrow-retrieve-coins.png","Aided Captain Spack Jarrow retrieve coins","acesin","190"
"aided-temuairian-merchants-guild.png","Aided Temuairian Merchant's Guild","arohanui","86"
"aided-the-emerald-knights.png","Aided the Emerald Knights","adelaidet","76"
"aided-the-necromancer-order.png","Aided the Necromancer Order","auzric","76"
"-aided-the-pact-of-anaman.png","- Aided the Pact of Anaman","sneakysummy","213"
"aided-the-temuairian-beggar.png","Aided The Temuairian Beggar","arohanui","87"
"aided-the-undine-rebels.png","Aided the Undine Rebels","krytos","39"
"aisling.png","Aisling","mayheart","5"
"aisling-artist.png","Aisling Artist","biomagus","20"
"aisling-bard.png","Aisling Bard","malache","54"
"aisling-historian.png","Aisling Historian","hihaku","62"
"aisling-lore-keeper.png","Aisling Lore Keeper","kedian","3"
"aisling-of-hybrasyl.png","Aisling of Hy-brasyl","angelic","20"
"aisling-of-mythril.png","Aisling of Mythril","eternalty","34"
"aisling-of-talgonite.png","Aisling of Talgonite","somae","12"
"aisling-persona.png","Aisling Persona","biomagus","71"
"aisling-philosopher.png","Aisling Philosopher","kedian","6"
"aisling-wise-one.png","Aisling Wise One","kedian","2"
"allowed-to-enter-secured-caves.png","Allowed to Enter Secured Caves","ishallheal","107"
"amassed-gillams-precious-coins.png","Amassed Gillam's precious coins","acesin","190"
"annoyed.png","Annoyed","bywyd","20"
"archaeologist-of-beal-na-carraige.png","Archaeologist of Beal na Carraige","binnie","74"
"arena-battles.png","Arena Battles","abigor",""
"arena-circuit-champion.png","Arena Circuit Champion","krytos","43"
"arena-host.png","Arena Host","vamistle","27"
"arena-host-captain.png","Arena Host Captain","set","146"
"arena-victories.png","Arena Victories","abigor",""
"arpinas-redemption-at-astrid.png","Arpina's Redemption at Astrid","monicka","19"
"arpinas-redemption-at-astrid-nonincrementing.png","Arpina's Redemption at Astrid non-incrementing","aceshimizu","19"
"arrested-by.png","Arrested by","adelaidet",""
"assisted-gillams-guild.png","Assisted Gillam's Guild","brittany","102"
"assisted-the-temuarian-beggar.png","Assisted The Temuarian Beggar","blueskye","95"
"astrid-salvation.png","Astrid Salvation","biomagus","7"
"atavism-age-aisling.png","Atavism Age Aisling","kedian","1"
"atavism-age-iii-aisling.png","Atavism Age III Aisling","angelic","5"
"attempting-monk-dedication.png","Attempting Monk Dedication","winkster",""
"attempting-priest-dedication.png","Attempting Priest Dedication","moondrop",""
"attempting-rogue-dedication.png","Attempting Rogue Dedication","badarch",""
"attempting-to-become-burgess.png","Attempting to become Burgess","aon",""
"attempting-to-become-demagogue.png","Attempting to become Demagogue","aceshimizu",""
"attempting-to-become-guard.png","Attempting to become Guard","arpina",""
"attempting-to-become-guard-captain.png","Attempting to become Guard Captain","anunnaki",""
"attempting-to-become-judge.png","Attempting to become Judge","angelique",""
"attempting-to-become-respected-citizen.png","Attempting to become Respected Citizen","angelynn",""
"attempting-to-become-sheriff.png","Attempting to become Sheriff","aceshimizu",""
"attempting-warrior-dedication.png","Attempting Warrior Dedication","kurohige",""
"attempting-wizard-dedication.png","Attempting Wizard Dedication","ignoramus",""
"attended-a-class-at-mileth-college.png","Attended a Class at Mileth College","ariesyeo","175"
"avid-temuairian-daydreamer.png","Avid Temuairian Daydreamer","warginald","179"
"balanced-arena-combatant.png","Balanced Arena Combatant","amarranth","109"
"balanced-arena-tester.png","Balanced Arena Tester","adriela",""
"banished-snakes-from-lynith-beach-way.png","Banished Snakes from Lynith Beach Way","cinaed","154"
"banished-the-imperial-shade-of-blackstar.png","Banished the Imperial Shade of Blackstar","ailred","164"
"banrion-of-temuair.png","Banrion of Temuair","angelic","22"
"baron-of-temuair.png","Baron of Temuair","disarray","185"
"barred-from-politics-by-kru.png","Barred from Politics by Kru","kimchii",""
"base-warfare-winning-team.png","Base Warfare Winning Team","krazyxone","32"
"befriended-the-hostile-chief.png","Befriended the Hostile Chief","biomagus","94"
"befriended-the-temuarian-beggar.png","Befriended The Temuarian Beggar","biomagus","111"
"black-dugon-by.png","Black Dugon by","ishikawa","21"
"blade-smith.png","Blade Smith","alvino",""
"blue-dugon-by.png","Blue Dugon by","vileplume","213"
"broke-the-seal.png","Broke the Seal","biomagus","35"
"broke-up-love.png","Broke up love","mayheart","12"
"broke-up-with.png","Broke up with","somae","10"
"brown-dugon-by.png","Brown Dugon by","smrtdruid","204"
"buddy-of-mummy.png","Buddy of Mummy","bea","103"
"buddy-of-zombie.png","Buddy of Zombie","biomagus","103"
"burgess-by.png","Burgess by","biomagus","13"
"burgess-of-suomi-troupe.png","Burgess of Suomi Troupe","topic","100"
"cail-acolyte-by.png","Cail Acolyte by","nenya","15"
"cail-cleric-by.png","Cail Cleric by","laurier","188"
"cail-priest-by.png","Cail Priest by","moonruby","147"
"-cail-probate-by.png","- Cail Probate by","eightprobate","212"
"-cail-worshipper-by.png","- Cail Worshipper by","sneakysummy","212"
"captured-giant-floppy.png","Captured Giant Floppy","angelique","83"
"ceannlaidir-acolyte-by.png","Ceannlaidir Acolyte by","falconlady","19"
"ceannlaidir-cleric-by.png","Ceannlaidir Cleric by","annoy","213"
"ceannlaidir-high-priest-by.png","Ceannlaidir High Priest by","reyakeely","149"
"ceannlaidir-priest-by.png","Ceannlaidir Priest by","erynn","65"
"-ceannlaidir-probate-by.png","- Ceannlaidir Probate by","eightprobate","212"
"-ceannlaidir-worshipper-by.png","- Ceannlaidir Worshipper by","smash","213"
"celebrated-dark-ages-20th-anniversary.png","Celebrated Dark Ages 20th Anniversary","aceshimizu","165"
"celebrated-dark-ages-25th-anniversary.png","Celebrated Dark Ages 25th Anniversary","anunnaki","206"
"celebrated-deoch-200th-anniversary.png","Celebrated Deoch 200th Anniversary","acesin","200"
"chadul-reincarnation.png","Chadul Reincarnation","auzric","64"
"champion-of-blackstar.png","Champion of Blackstar","demylo","176"
"champion-of-the-dark.png","Champion of the Dark","krytos",""
"city-councilman.png","City Councilman","xlimited","87"
"city-delegate.png","City Delegate","lingueene","177"
"clave-artist.png","Clave Artist","malache","53"
"collected-gillams-precious-coins.png","Collected Gillam's precious coins","aon","126"
"completed-andor-daily-quest.png","Completed Andor Daily Quest","eiscego","155"
"completed-asilon-daily-quest.png","Completed Asilon Daily Quest","doublemint","155"
"completed-botany-daily-quest.png","Completed Botany Daily Quest","doublemint","155"
"completed-capture-the-fowl-event.png","Completed Capture the Fowl Event","aceshimizu",""
"completed-chadul-daily-quest.png","Completed Chadul Daily Quest","ishikawa","148"
"completed-chaos-daily-quest.png","Completed Chaos Daily Quest","neoxbahamut","148"
"completed-ciad-quest.png","Completed Ciad Quest","twinklestar","22"
"completed-daily-quest.png","Completed Daily Quest","azucar","146"
"completed-fire-canyon-daily-quest.png","Completed Fire Canyon Daily Quest","eiscego","155"
"completed-gem-polishing-daily-quest.png","Completed Gem Polishing Daily Quest","doublemint","155"
"completed-goblin-daily-quest.png","Completed Goblin Daily Quest","eiscego","155"
"completed-guild-geas-for.png","Completed Guild Geas for","ramanayan","30"
"completed-lost-ruins-daily-quest.png","Completed Lost Ruins Daily Quest","pan","156"
"completed-motley-geas-for.png","Completed motley Geas for","duplico","17"
"completed-mt-giragan-daily-quest.png","Completed Mt Giragan Daily Quest","rocandy","148"
"completed-muisir-training.png","Completed Muisir Training","acesin",""
"completed-new-dress-daily-quest.png","Completed New Dress Daily Quest","eiscego","155"
"completed-noam-daily-quest.png","Completed Noam Daily Quest","eiscego","155"
"completed-nobis-daily-quest.png","Completed Nobis Daily Quest","neoxbahamut","148"
"completed-oren-ball-scavenger-hunt.png","Completed Oren Ball Scavenger Hunt","dynamus","176"
"completed-oren-daily-quest.png","Completed Oren Daily Quest","doublemint","155"
"completed-quarterly-insect-event.png","Completed Quarterly Insect Event","abigor",""
"completed-religious-geas-for.png","Completed religious geas for","somae","11"
"completed-sacred-forest-daily-quest.png","Completed Sacred Forest Daily Quest","neoxbahamut","153"
"completed-shinewood-daily-quest.png","Completed Shinewood Daily Quest","neoxbahamut","148"
"completed-the-10th-annual-pig-chase-event.png","Completed the 10th Annual Pig Chase Event","ariesyeo","192"
"completed-the-11th-annual-pig-chase-event.png","Completed the 11th Annual Pig Chase Event","adriela","200"
"completed-the-12th-annual-pig-chase-event.png","Completed the 12th Annual Pig Chase Event","anunnaki","208"
"completed-the-1st-annual-pig-chase-event.png","Completed the 1st Annual Pig Chase Event","aresfalco","79"
"completed-the-2nd-annual-pig-chase-event.png","Completed the 2nd Annual Pig Chase Event","ishikawa","87"
"completed-the-3rd-annual-pig-chase-event.png","Completed the 3rd Annual Pig Chase Event","amarranth","96"
"completed-the-4th-annual-pig-chase-event.png","Completed the 4th Annual Pig Chase Event","angelynn","104"
"completed-the-5th-annual-pig-chase-event.png","Completed the 5th Annual Pig Chase Event","demylo","112"
"completed-the-6th-annual-pig-chase-event.png","Completed the 6th Annual Pig Chase Event","dancingwind","160"
"completed-the-7th-annual-pig-chase-event.png","Completed the 7th Annual Pig Chase Event","soulevans","167"
"completed-the-8th-annual-pig-chase-event.png","Completed the 8th Annual Pig Chase Event","diablos","176"
"completed-the-9th-annual-pig-chase-event.png","Completed the 9th Annual Pig Chase Event","elzion","184"
"completed-tidy-inn-daily-quest.png","Completed Tidy Inn Daily Quest","bea","164"
"completed-tiota-quest.png","Completed Tiota Quest","landon","22"
"completed-treas-quest.png","Completed Treas Quest","angelique","22"
"completed-undine-daily-quest.png","Completed Undine Daily Quest","eiscego","155"
"completed-veltain-mines-daily-quest.png","Completed Veltain Mines Daily Quest","eiscego","155"
"completed-west-woodlands-daily-quest.png","Completed West Woodlands Daily Quest","doublemint","155"
"completed-wizardry-research-daily-quest.png","Completed Wizardry Research Daily Quest","doublemint","155"
"consecrated-the-holy-danaan.png","Consecrated the Holy Danaan","kallina","177"
"contest-host.png","Contest Host","cazbrileth","130"
"councilor-jeans-hunt.png","Councilor Jean's Hunt","fatalrevenge","47"
"crafted-fenix-flame-potion.png","Crafted Fenix Flame Potion","ballzdeep","211"
"crafted-yule-logs-for-the-inns.png","Crafted Yule Logs for the Inns","bruiser","120"
"cthonic-disciple-of-dawn.png","Cthonic Disciple of Dawn","aceshimizu","23"
"cthonic-disciple-of-death.png","Cthonic Disciple of Death","dender","29"
"cthonic-disciple-of-decay.png","Cthonic Disciple of Decay","krytos","32"
"cured-a-sick-child-in-loures.png","Cured a sick child in Loures","vamistle","10"
"cured-jacqueline-of-loures.png","Cured Jacqueline of Loures","biomagus","7"
"danaan-reincarnation.png","Danaan Reincarnation","adelaidet","64"
"defeated-arsaidh-aon.png","Defeated Arsaidh Aon","bluejr","59"
"defeated-count-and-countess-of-macabre.png","Defeated Count and Countess of Macabre","bluenokkad","79"
"defeated-giant-floppy.png","Defeated Giant Floppy","acesin",""
"defeated-law-discovered-lost-ruins.png","Defeated Law & Discovered Lost Ruins","adriela",""
"defeated-laws-fragment.png","Defeated Law's Fragment","twinkle","141"
"defeated-monk-guardian.png","Defeated Monk Guardian","krytos","34"
"defeated-muisir-villian.png","Defeated Muisir Villian","japjll","130"
"defeated-priest-guardian.png","Defeated Priest Guardian","krytos","34"
"defeated-rogue-guardian.png","Defeated Rogue Guardian","krytos","34"
"defeated-the-lady-phoenix-creant.png","Defeated the Lady Phoenix Creant","angelique","32"
"defeated-the-medusa-creant.png","Defeated the Medusa Creant","biomagus","32"
"defeated-the-octopus-of-karlopos.png","Defeated the Octopus of Karlopos","renvo","36"
"defeated-the-shamensyth-creant.png","Defeated the Shamensyth Creant","biomagus","33"
"defeated-the-tauren-creant.png","Defeated the Tauren Creant","biomagus","33"
"defeated-warrior-guardian.png","Defeated Warrior Guardian","krytos","34"
"defeated-wizard-guardian.png","Defeated Wizard Guardian","krytos","34"
"defended-mt-merry-and-defeated-the-yeti.png","Defended Mt. Merry and Defeated the Yeti","topic","144"
"defended-temuair-from-chadul-army-invasion.png","Defended Temuair from Chadul Army Invasion","aresfalco","150"
"defender-of-loures-invasion.png","Defender of Loures Invasion","biomagus","44"
"delivered-love-packages.png","Delivered Love Packages","adriela","81"
"demagogue-by.png","Demagogue by","nenya","7"
"deoch-acolyte-by.png","Deoch Acolyte by","quipper","17"
"deoch-cleric-by.png","Deoch Cleric by","tristam","82"
"deoch-high-priest-by.png","Deoch High Priest by","malache","67"
"deoch-minister-by.png","Deoch Minister by","landon","175"
"deoch-priest-by.png","Deoch Priest by","carnaugh","7"
"-deoch-probate-by.png","- Deoch Probate by","eightprobate","212"
"-deoch-worshipper-by.png","- Deoch Worshipper by","nalyd","210"
"discovered-the-cluais-jewel.png","Discovered the Cluais Jewel","dieu","67"
"discovered-the-dark-ring.png","Discovered the Dark Ring","biomagus","66"
"disgraced-arena-host.png","Disgraced Arena Host","ishallheal","38"
"divorced.png","Divorced","biomagus","11"
"draco-form.png","Draco Form","abigor",""
"drank-the-famous-green-ale.png","Drank The Famous Green Ale","acesin",""
"drazul-of-the-ancient-flame.png","Drazul of the Ancient Flame","bong","143"
"dreamed-of-ana.png","Dreamed of Ana","biomagus","10"
"dreamed-of-carnuns-trial.png","Dreamed of Carnun's Trial","vamistle","10"
"dreamed-of-macha.png","Dreamed of Macha","atiare","36"
"dreamed-of-madb.png","Dreamed of Madb","somae","21"
"druid-feral-form.png","Druid Feral Form","bywyd","35"
"druid-karura-form.png","Druid Karura Form","pandsala","35"
"druid-komodas-form.png","Druid Komodas Form","jeph","59"
"dumdrazul-of-the-ancient-flame.png","Dum'Drazul of the Ancient Flame","joneleth","175"
"earth-reverence-blue.png","Earth Reverence blue","adelaidet",""
"eased-the-suffering-of-porte-forest.png","Eased the suffering of Porte Forest","renvo","36"
"educated.png","Educated","abigor",""
"elementalist.png","Elementalist","aceshimizu",""
"elite-insect-catcher.png","Elite Insect Catcher","nalyd","76"
"empowered-the-ancient-weapon-of-hybrasyl.png","Empowered the Ancient Weapon of Hy-brasyl","acesin","200"
"entered-muisir-village.png","Entered Muisir Village","alvino","117"
"eulogy-to-adranuch-at-pravat.png","Eulogy to Adranuch at Pravat","biomagus","8"
"eulogy-to-arpina-at-astrid.png","Eulogy to Arpina at Astrid","blader","8"
"eulogy-to-arpina-at-astrid-nonincrementing.png","Eulogy to Arpina at Astrid non-incrementing","aceshimizu","16"
"eulogy-to-matrika-at-mehadi.png","Eulogy to Matrika at Mehadi","jadeakaino","16"
"eulogy-to-matrika-at-mehadi-nonincrementing.png","Eulogy to Matrika at Mehadi non-incrementing","wastedd","16"
"event-deoch-145-winter.png","Event  - Deoch 145, Winter","cinaed","145"
"event-deoch-150-spring.png","Event  - Deoch 150, Spring","ffnine","150"
"event-deoch-181-winter.png","Event  - Deoch 181, Winter","wizadrian","181"
"event-deoch-194-spring.png","Event  - Deoch 194, Spring","wizadrian","194"
"event-deoch-55-spring.png","Event  - Deoch 55, Spring","adelaidet","55"
"event-deoch-66-summer.png","Event  - Deoch 66, Summer","nurzz","66"
"event-22-war-champion.png","Event - 2+2 = War - Champion","final","194"
"event-22-war-contender.png","Event - 2+2 = War - Contender","acesin","194"
"event-22-war-finalist.png","Event - 2+2 = War - Finalist","huhuman","194"
"event-3v3-smackdown-champion.png","Event - 3v3 Smackdown Champion","naena","182"
"event-5th-annual-fire-festival-wff-goddess.png","Event - 5th Annual Fire Festival WFF Goddess","rune","204"
"event-acquired-lumen-amulet-from-leprechaun.png","Event - Acquired Lumen Amulet from Leprechaun","alvino","146"
"event-aided-the-star-crossed-lovers.png","Event - Aided the Star Crossed Lovers","laurier","154"
"event-attained-lumen-amulet-from-leprechaun.png","Event - Attained Lumen Amulet from Leprechaun","ariesyeo","170"
"event-bard-of-the-faire.png","Event - Bard of the Faire","alvino","133"
"event-battle-royale-4v4-1st-runner-up.png","Event - Battle Royale 4v4 1st Runner Up","ffnine","197"
"event-battle-royale-4v4-2nd-runner-up.png","Event - Battle Royale 4v4 2nd Runner Up","acesin","197"
"event-battle-royale-4v4-tournament-champion.png","Event - Battle Royale 4v4 Tournament Champion","disarray","197"
"event-blackstar-dungeon-tester.png","Event - Blackstar Dungeon Tester","lux","158"
"event-calavera-poetry-contest-ii-winner.png","Event - Calavera Poetry Contest II Winner","never","208"
"event-calavera-poetry-contest-winner.png","Event - Calavera Poetry Contest Winner","edith","184"
"event-captured-leprechaun.png","Event - Captured Leprechaun","auzric","74"
"event-celebrated-luathian-gnosis-in-trivia.png","Event - Celebrated Luathian Gnosis in Trivia","wizadrian","181"
"event-committed-hamocide.png","Event - Committed Hamocide","blueskye","141"
"event-defeated-arena-team.png","Event - Defeated Arena Team","arohanui","175"
"event-disciple-of-chaos.png","Event - Disciple of Chaos","peppita","166"
"event-disciple-of-light.png","Event - Disciple of Light","arohanui","166"
"event-discovered-the-pot-of-gold.png","Event - Discovered The Pot of Gold","bruiser","122"
"event-earned-lumen-amulet-from-leprechaun.png","Event - Earned Lumen Amulet from Leprechaun","acesin","194"
"event-eggcellent-erbie-egg-collector.png","Event - Eggcellent Erbie Egg Collector","bea","184"
"event-festival-of-hearts-trivia-winner.png","Event - Festival of Hearts Trivia Winner","huhuman","193"
"event-fittest-of-them-all.png","Event - Fittest of them All","eiscego","155"
"event-found-error.png","Event - Found Error","eternalty","138"
"event-found-leprechauns-gold.png","Event - Found Leprechaun's Gold","doms","90"
"event-found-the-end-of-the-rainbow.png","Event - Found The End Of The Rainbow","bea","98"
"event-found-the-pot-of-gold.png","Event - Found The Pot of Gold","adriela","106"
"event-gained-lumen-amulet-from-leprechaun.png","Event - Gained Lumen Amulet from Leprechaun","blueskye","162"
"event-got-lumen-amulet-from-leprechaun.png","Event - Got Lumen Amulet from Leprechaun","adelaidet","154"
"event-harassed-error.png","Event - Harassed Error","kallina","148"
"event-history-trivia-winner.png","Event - History Trivia Winner","elzhi","108"
"event-honorary-knight-of-loures.png","Event - Honorary Knight of Loures","bea","170"
"event-hybrasyl-chef-of-temuair.png","Event - Hy-Brasyl Chef of Temuair","tapa","213"
"event-joined-duenanknutes-crew.png","Event - Joined DuenanKnutes Crew","ffnine","150"
"event-joust-champion.png","Event - Joust Champion","pinklily","140"
"event-last-decree-for-loures.png","Event - Last Decree - For Loures","bea","184"
"event-last-decree-for-undine.png","Event - Last Decree - For Undine","edith","184"
"event--mundane-mastermind.png","Event - Mundane Mastermind","disarray","184"
"event-mythril-chef-of-temuair.png","Event - Mythril Chef of Temuair","xennifer","213"
"event-obtained-lumen-amulet-from-leprechaun.png","Event - Obtained Lumen Amulet from Leprechaun","adriela","130"
"event-princess-of-loures.png","Event - Princess of Loures","lux","170"
"event-procured-lumen-amulet-from-leprechaun.png","Event - Procured Lumen Amulet from Leprechaun","acesin","186"
"event-received-lumen-amulet-from-leprechaun.png","Event - Received Lumen Amulet from Leprechaun","airy","178"
"event-received-pot-of-gold.png","Event - Received Pot of Gold","bea","82"
"event-rescued-the-dyed-erbie-eggs.png","Event - Rescued the Dyed Erbie Eggs","bea","184"
"event-snowdown-soccer-champion.png","Event - Snowdown Soccer Champion","naena","185"
"event-snowdown-soccer-contender.png","Event - Snowdown Soccer Contender","acesin","185"
"event-snowdown-soccer-finalist.png","Event - Snowdown Soccer Finalist","makeii","185"
"event-spook-smart.png","Event - Spook Smart","angelique","151"
"event-spread-the-yuletide-cheer.png","Event - spread the yuletide cheer","neoxbahamut","138"
"event-summer-2v2-tournament-runner-up.png","Event - Summer 2v2 tournament runner up","yLo","205"
"event-summer-3v3-tournament-3rd-place.png","Event - Summer 3v3 Tournament 3rd Place","louche","188"
"event-summer-3v3-tournament-champion.png","Event - Summer 3v3 Tournament Champion","disarray","188"
"event-summer-3v3-tournament-finalist.png","Event - Summer 3v3 Tournament Finalist","naena","188"
"event-summer-event-finale-3v3-champion.png","Event - Summer Event Finale 3v3 Champion","dynamus","206"
"event-summer-event-finale-3v3-contender.png","Event - Summer Event Finale 3v3 Contender","set","206"
"event-summer-event-finale-3v3-finalist.png","Event - Summer Event Finale 3v3 Finalist","zgerbz","206"
"event-summer-fashion-show-winner.png","Event - Summer Fashion Show Winner","moogle","190"
"event-summer-fest-wolf-fang-fist-champion.png","Event - Summer Fest Wolf Fang Fist Champion","final","196"
"event-summer-festival-poet.png","Event - Summer Festival Poet","ailred","196"
"event-summer-luau-ii-wff-champion.png","Event - Summer Luau II WFF Champion","final","190"
"event-summer-luau-ii-wff-contender.png","Event - Summer Luau II WFF Contender","moogle","190"
"event-summer-luau-ii-wff-finalist.png","Event - Summer Luau II WFF Finalist","xeram","190"
"event-summer-wff-tournament-champion.png","Event - Summer WFF Tournament Champion","zgerbz","206"
"event-summer-wff-tournament-contender.png","Event - Summer WFF Tournament Contender","xeram","206"
"event-summer-wff-tournament-finalist.png","Event - Summer WFF Tournament Finalist","huhuman","206"
"event-survived-nacht-der-krampus.png","Event - Survived Nacht Der Krampus","kallina","169"
"event-survived-the-blood-moon.png","Event - Survived the Blood Moon","neoxbahamut","143"
"event-survived-the-crimson-night.png","Event - Survived the Crimson Night","angelique","151"
"event-tag-team-champions.png","Event - Tag Team Champions","acesin","186"
"event-tag-team-smackdown-champ.png","Event - Tag Team Smackdown Champ","set","186"
"event-temuarian-soccer-league-finalist.png","Event - Temuarian Soccer League Finalist","moogle","189"
"event-the-bashelor-basher-champion.png","Event - The Bashelor: Basher Champion","tylenol","186"
"event-the-bashelor-most-eligible-basher.png","Event - The Bashelor: Most Eligible Basher","tylenol","186"
"event-the-bashelor-most-eligible-caster.png","Event - The Bashelor: Most Eligible Caster","disarray","186"
"event-told-a-tale-in-the-druid-circle.png","Event - Told a tale in the Druid Circle","merisa","181"
"event-told-the-errant-knights-tale.png","Event - Told the Errant Knights Tale","blueskye","155"
"event-treasure-hunt-champion.png","Event - Treasure Hunt Champion","ailred","196"
"event-troubadour-of-spring-fling.png","Event - Troubadour of Spring Fling","merisa","171"
"event-uncovered-the-pot-of-gold.png","Event - Uncovered The Pot of Gold","brib","114"
"event-walked-the-path-of-blood.png","Event - Walked the Path of Blood","notvorlof","151"
"event-guild-of-honor-s1-guild-war-1st-runner-up.png","Event -Guild of Honor - S1 Guild War 1st Runner Up","disarray","200"
"event-guild-of-honor-s1-guild-war-champion.png","Event -Guild of Honor - S1 Guild War Champion","eternalty","200"
"event-shirts-blousese-vs-skins-champion.png","Event -Shirts & Blousese vs. Skins Champion","hihaku","162"
"event-arena-duo-tournament-champion.png","Event Arena Duo Tournament Champion","nioreh","113"
"event-caught-the-mystery-ranger-murderer.png","Event Caught the Mystery Ranger Murderer","giggles","179"
"event-completed-the-riddle-quest.png","Event Completed: The Riddle Quest","foam","73"
"event-dream-wedding-master-caterer.png","Event Dream Wedding Master Caterer","wizadrian","179"
"event-fall-classic-2v2-tournament-contender.png","Event Fall Classic 2v2 Tournament - Contender","naena","184"
"event-flag-hunter-participant.png","Event Flag Hunter Participant","bruiser","92"
"event-found-the-lost-lute-of-mioas.png","Event Found the Lost Lute of Mioas","cherrius","82"
"event-honorable-knight-jousting-champion.png","Event Honorable Knight Jousting Champion","verran","178"
"event-knight-of-the-hill.png","Event Knight of the Hill","zurf","174"
"event-mileth-fair-wolf-fang-fist-champion.png","Event Mileth Fair Wolf Fang Fist Champion","final","179"
"event-mundane-mastermind.png","Event Mundane Mastermind","final","184"
"event-nacht-der-krampus.png","Event Nacht der Krampus","dancingwind","144"
"event-new-years-3v3-champion.png","Event New Years 3v3 Champion","louche","177"
"event-pet-race-champion.png","Event Pet Race Champion","makeii","187"
"event-poet-of-temuair.png","Event Poet of Temuair","dionia","100"
"event-returned-a-stolen-egg.png","Event Returned a stolen egg","biomagus","72"
"event-riddle-mastermind.png","Event Riddle Mastermind","naena","92"
"event-ruditas-relay-battle-champion.png","Event Ruditas Relay Battle Champion!","jaylinn","162"
"event-scavenger-of-suomi.png","Event Scavenger of Suomi","cittikat","105"
"event-summer-3v3-champion.png","Event Summer 3v3 Champion","naena","181"
"event-summer-3v3-finalist.png","Event Summer 3v3 Finalist","huhuman","181"
"event-survived-the-super-arena-gauntlet.png","Event Survived the Super Arena Gauntlet","cherrius","81"
"event-talgonite-chef-of-temuair.png","Event Talgonite Chef of Temuair","dram","213"
"event-temuairian-travel-agent.png","Event Temuairian Travel Agent","makeii","119"
"event-temuarian-soccer-league-champion.png","Event Temuarian Soccer League Champion","final","189"
"event-third-place-arena-costume-contest.png","Event Third Place Arena Costume Contest","telme","175"
"event-third-place-best-costume-of-temuair.png","Event Third Place Best Costume of Temuair","alvino","119"
"event-winner-of-paradise-seafood-competition.png","Event Winner of Paradise Seafood Competition","wizadrian","190"
"event-arena-champion-for-ceannlaidir.png","Event- Arena Champion for Ceannlaidir","jabedin","34"
"event-general-of-ceannlaidirs-army.png","Event- General of Ceannlaidir's Army","krytos","34"
"excommunicated.png","Excommunicated","angelic","6"
"excommunicated-by.png","Excommunicated by","ramanayan","23"
"exiled.png","Exiled","angelique","23"
"exiled-from-guild-by.png","Exiled from Guild by","duplican","27"
"exiled-from-mileth-by.png","Exiled from Mileth by","romanvolkoff","213"
"exiled-from-rucesion-by.png","Exiled from Rucesion by","panni","197"
"exiled-guild-member.png","Exiled Guild member","kedian","15"
"explorer-of-andor-dungeon.png","Explorer of Andor Dungeon","biomagus","44"
"explorer-of-oren-sewers.png","Explorer of Oren Sewers","biomagus","29"
"fair-king-with.png","Fair King with","eternalty","32"
"fair-marshal.png","Fair Marshal","aeacus",""
"fair-queen-with.png","Fair Queen with","angelic","13"
"fall-classic-2v2-tournament-champion.png","Fall Classic 2v2 Tournament Champion","final","184"
"fellowship-leader.png","Fellowship Leader","antfortas","54"
"fetched-gillams-precious-coins.png","Fetched Gillam's precious coins","cinaed","150"
"fiosachd-acolyte-by.png","Fiosachd Acolyte by","ukkyo","17"
"fiosachd-cleric-by.png","Fiosachd Cleric by","lumie","209"
"fiosachd-high-priest-by.png","Fiosachd High Priest by","doomhealer","209"
"fiosachd-minister-by.png","Fiosachd Minister by","jabedin","205"
"fiosachd-priest-by.png","Fiosachd Priest by","starsparkler","20"
"-fiosachd-probate-by.png","- Fiosachd Probate by","eightprobate","212"
"-fiosachd-worshipper-by.png","- Fiosachd Worshipper by","llamaburger","212"
"fire-reverence-blue.png","Fire Reverence blue","ailred",""
"fire-reverence-white.png","Fire Reverence white","ilyria",""
"follows-pashura-of-the-light.png","Follows Pashura of the Light","biomagus",""
"formerly-known-as.png","Formerly known as","lux","154"
"found-1st-lucky-clover.png","Found 1st Lucky Clover","adriela","82"
"found-2nd-lucky-clovers.png","Found 2nd Lucky Clovers","aceshimizu","90"
"found-3rd-lucky-clovers.png","Found 3rd Lucky Clovers","aceshimizu","98"
"found-a-golden-starfish.png","Found a Golden Starfish","aceshimizu","93"
"found-dioram.png","Found Dioram","aceshimizu",""
"found-lockys-charms.png","Found Locky's Charms","aceshimizu","98"
"found-lucky-clovers.png","Found Lucky Clovers","aceshimizu",""
"found-luwellas-house-key.png","Found Luwella's House Key","aresfalco","107"
"found-santas-peppermint-sticks.png","Found Santa's Peppermint Sticks","anunnaki","208"
"founded-guild-blue.png","Founded  Guild blue","biomagus","10"
"founded-motley.png","Founded  Motley","kedian","4"
"founded-guild-white.png","Founded Guild white","kedian","4"
"founded-guild-with-name.png","Founded Guild with name","theowin","53"
"fragile-chrysalis-unregistered.png","Fragile Chrysalis ((Unregistered))","aceshimizu",""
"freed-cursed-mundanes-in-abel.png","Freed cursed mundanes in Abel","acesin","181"
"friend-of-faerie.png","Friend of Faerie","aresfalco","114"
"friend-of-leprechaun.png","Friend of Leprechaun","aiseirighadh","90"
"gadeu-of-the-ancient-flame.png","Gadeu of the Ancient Flame","zeol","160"
"gathered-gillams-precious-coins.png","Gathered Gillam's precious coins","blueskye","158"
"gathered-materials-for-jowellas-house.png","Gathered Materials for Jowella's House","ishallheal","107"
"gathered-treasures-for-gillam.png","Gathered Treasures for Gillam","bojingies","94"
"gem-smith.png","Gem Smith","banesblood",""
"general-of-blackstar.png","General of Blackstar","moonruby","185"
"glioca-acolyte-by.png","Glioca Acolyte by","jadeakaino","15"
"glioca-cleric-by.png","Glioca Cleric by","zhongfou","193"
"glioca-high-priest-by.png","Glioca High Priest by","angelic","173"
"glioca-minister-by.png","Glioca Minister by","duplico","212"
"glioca-priest-by.png","Glioca Priest by","somae","8"
"-glioca-probate-by.png","- Glioca Probate by","wisjunk","212"
"-glioca-worshipper-by.png","- Glioca Worshipper by","smrtglad","213"
"goblin-calling-stone-for-ceannlaidir.png","Goblin Calling Stone for Ceannlaidir","blader","6"
"gramail-acolyte-by.png","Gramail Acolyte by","twinklestar","22"
"gramail-high-priest-by.png","Gramail High Priest by","alustria","172"
"gramail-minister-by.png","Gramail Minister by","ubrei","165"
"gramail-priest-by.png","Gramail Priest by","nizon","33"
"-gramail-probate-by.png","- Gramail Probate by","eightprobate","212"
"-gramail-worshipper-by.png","- Gramail Worshipper by","steelix","212"
"great-soldier-of-the-goblin-war.png","Great Soldier of the Goblin War","aceshimizu",""
"green-dugon-by.png","Green Dugon by","newtali","39"
"grimlok-calling-stone-for-deoch.png","Grimlok Calling Stone for Deoch","carnaugh","7"
"grimlok-calling-stone-for-luathas.png","Grimlok Calling Stone for Luathas","biomagus","6"
"grunt-of-blackstar.png","Grunt of Blackstar","solin","165"
"guard.png","Guard","biomagus","9"
"guard-captain.png","Guard Captain","biomagus","10"
"guided-monk.png","Guided Monk","biomagus","6"
"guided-priest.png","Guided Priest","kedian","6"
"guided-rogue.png","Guided Rogue","blader","6"
"guided-warrior.png","Guided Warrior","quipper","6"
"guided-wizard.png","Guided Wizard","quipper","7"
"guild-by-oath-of.png","Guild by oath of","quipper","16"
"guild-council.png","Guild Council","angelique","22"
"guild-leader.png","Guild Leader","biomagus","10"
"guild-master.png","Guild Master","kedian","4"
"has-defeated-orens-pirates.png","Has Defeated Oren's Pirates","absobel",""
"has-disciples.png","Has Disciples","krytos",""
"has-forsaken-cail.png","Has forsaken Cail","tukee","32"
"has-forsaken-ceannlaidir.png","Has forsaken Ceannlaidir","ramanayan","21"
"has-forsaken-deoch.png","Has forsaken Deoch","bywyd","15"
"has-forsaken-fiosachd.png","Has forsaken Fiosachd","mayheart","6"
"has-forsaken-glioca.png","Has forsaken Glioca","dender","23"
"has-forsaken-gramail.png","Has forsaken Gramail","divided","40"
"has-forsaken-luathas.png","Has forsaken Luathas","rocandy","40"
"has-forsaken-sgrios.png","Has forsaken Sgrios","quipper","7"
"heart-of-fire-with.png","Heart of Fire with","biomagus","9"
"heart-of-moon-with.png","Heart of Moon with","mayheart","9"
"helped-build-suomi-inn.png","Helped Build Suomi Inn","adelaidet","63"
"helped-clean-bank.png","Helped Clean Bank","aceshimizu",""
"helped-design-suomi-inn.png","Helped Design Suomi Inn","adelaidet","63"
"helped-egans-father-return-home.png","Helped Egan's Father Return Home","bruiser","126"
"helped-gisaem-decipher-the-missives.png","Helped Gisaem Decipher The Missives","aeacus","145"
"helped-mephit.png","Helped Mephit","biomagus","35"
"helped-morwin.png","Helped Morwin","krytos","35"
"helped-oriana-find-elemus.png","Helped Oriana find Elemus","biomagus","94"
"helped-the-temuarian-beggar.png","Helped The Temuarian Beggar","bea","103"
"herbalist.png","Herbalist","absobel",""
"heretic-by-oath-of.png","Heretic by oath of","krytos","25"
"high-warlord-of-blackstar.png","High Warlord of Blackstar","arohanui","180"
"honorary-member-of-the-suomi-troupe.png","Honorary Member of the Suomi Troupe","ailred","183"
"hunted-down-a-wolf-of-west-woodland.png","Hunted down a wolf of West Woodland","abigor",""
"hwarone-arrest.png","Hwarone Arrest","brib",""
"hwarone-captain.png","Hwarone Captain","kallina","118"
"hwarone-general.png","Hwarone General","telme","157"
"hwarone-soldier.png","Hwarone Soldier","franees","61"
"hwarone-war-kills.png","Hwarone War kills","adelaidet",""
"impersonating-the-hostile-emissary.png","Impersonating the Hostile Emissary","tyee","211"
"initiated-into-a-motley.png","Initiated into a Motley","kedian","8"
"-initiated-monk.png","- Initiated Monk","vileplume","212"
"-initiated-priest.png","- Initiated Priest","darkrai","169"
"-initiated-rogue.png","- Initiated Rogue","dylanlan","66"
"-initiated-warrior.png","- Initiated Warrior","protein","201"
"-initiated-wizard.png","- Initiated Wizard","nalyd","81"
"initiated-worshipper.png","Initiated Worshipper","angelic","4"
"instigated-heresy-against.png","Instigated heresy against","ramanayan","23"
"investigated-the-sacred-ritual.png","Investigated the Sacred Ritual","botakyy","211"
"-involved-in-blade-smithing.png","- Involved in Blade Smithing","darkrai",""
"-involved-in-gem-polishing.png","- Involved in Gem Polishing","darkrai",""
"jailed.png","Jailed","aeacus",""
"jester-courtneys-hunt.png","Jester Courtney's Hunt","foam","32"
"joined-to-a-lover.png","Joined to a lover","mayheart","12"
"judge.png","Judge","biomagus","10"
"kelberoth-form.png","Kelberoth Form","acesin",""
"kept-fisks-secret.png","Kept Fisk's Secret","adriela","84"
"kept-oriana-safe-from-dendron-flower.png","Kept Oriana Safe from Dendron Flower","bluejr","94"
"kept-paradise-beach-safe.png","Kept Paradise Beach Safe","adriela","85"
"killed-dark-aislings.png","Killed Dark Aislings","biomagus",""
"killed-lorais.png","Killed Lorais","aceshimizu",""
"king-bruces-hunt.png","King Bruce's Hunt","petria","47"
"king-of-loures-kingdom.png","King of Loures Kingdom","zera","185"
"king-of-mileth-village.png","King of Mileth Village","disarray","185"
"king-of-oren-kingdom.png","King of Oren Kingdom","wizadrian","185"
"knight-of-blackstar.png","Knight of Blackstar","kallina","174"
"knight-of-temuair.png","Knight of Temuair","angelique","42"
"lady-blanchefleurs-hunt.png","Lady Blanchefleur's Hunt","angelique","32"
"lady-of-the-arts.png","Lady of the Arts","biomagus","46"
"last-held-mass.png","Last Held Mass","absobel",""
"-learned-archer-ab40-skillspell.png","- Learned Archer AB40 Skill/Spell","dylanlan","170"
"-learned-archer-ab50-skillspell.png","- Learned Archer AB50 Skill/Spell","dylanlan","201"
"-learned-archer-ab60-skillspell.png","- Learned Archer AB60 Skill/Spell","dylanlan","201"
"-learned-archer-ab99-skillspell.png","- Learned Archer AB99 Skill/Spell","darkrai","209"
"-learned-bard-ab40-skillspell.png","- Learned Bard AB40 Skill/Spell","salgar","203"
"-learned-bard-ab50-skillspell.png","- Learned Bard AB50 Skill/Spell","salgar","203"
"-learned-bard-ab60-skillspell.png","- Learned Bard AB60 Skill/Spell","salgar","203"
"-learned-bard-ab99-skillspell.png","- Learned Bard AB99 Skill/Spell","sradgar","212"
"-learned-druid-ab40-skillspell.png","- Learned Druid AB40 Skill/Spell","machamp","203"
"-learned-druid-ab50-skillspell.png","- Learned Druid AB50 Skill/Spell","machamp","203"
"-learned-druid-ab60-skillspell.png","- Learned Druid AB60 Skill/Spell","machamp","203"
"-learned-gladiator-ab40-skillspell.png","- Learned Gladiator AB40 Skill/Spell","deatomizer","202"
"-learned-gladiator-ab50-skillspell.png","- Learned Gladiator AB50 Skill/Spell","deatomizer","202"
"-learned-gladiator-ab60-skillspell.png","- Learned Gladiator AB60 Skill/Spell","deatomizer","202"
"-learned-lyliac-plant-at-ab30.png","- Learned Lyliac Plant at AB30","waluigi","167"
"-learned-lyliac-vineyard-at-ab30.png","- Learned Lyliac Vineyard at AB30","nalyd","94"
"-learned-stone-skin-at-ab30.png","- Learned Stone Skin at AB30","darkrai","202"
"-learned-summoner-ab40-skillspell.png","- Learned Summoner AB40 Skill/Spell","waluigi","201"
"-learned-summoner-ab50-skillspell.png","- Learned Summoner AB50 Skill/Spell","nalyd","94"
"-learned-summoner-ab60-skillspell.png","- Learned Summoner AB60 Skill/Spell","nalyd","166"
"learned-the-secret-waterfall-entrance.png","Learned the Secret Waterfall Entrance","aresfalco","107"
"left-guild.png","Left Guild","nenya","8"
"legendary-aisling.png","Legendary Aisling","quipper","87"
"legendary-combatant.png","Legendary Combatant","naena","176"
"librarian-blaises-hunt.png","Librarian Blaise's Hunt","aceshimizu","32"
"lord-of-the-arts.png","Lord of the Arts","ramanayan","24"
"loved-by-mileth-mundanes.png","Loved by Mileth Mundanes","duplican","12"
"loved-by-suomi-mundanes.png","Loved by Suomi Mundanes","natsukichan","65"
"loves.png","Loves","angelic","3"
"luathas-acolyte-by.png","Luathas Acolyte by","ilyria","45"
"luathas-cleric-by.png","Luathas Cleric by","moogle","212"
"luathas-high-priest-by.png","Luathas High Priest by","dionia","172"
"luathas-minister-by.png","Luathas Minister by","nagisachan","100"
"luathas-priest-by.png","Luathas Priest by","blanche","30"
"-luathas-probate-by.png","- Luathas Probate by","eightprobate","212"
"-luathas-worshipper-by.png","- Luathas Worshipper by","smrtarcher","213"
"lured-fire-serpent-out.png","Lured Fire Serpent Out","acesin",""
"marauder-of-gold.png","Marauder of Gold","blader","12"
"married.png","Married","nenya","6"
"master.png","Master","vamistle","16"
"master-arena-host.png","Master Arena Host","set","149"
"master-ranger.png","Master Ranger","ishikawa","48"
"master-to-a-pet-blob.png","Master to a pet blob","locks","33"
"master-to-a-pet-bunny.png","Master to a pet bunny","ishikawa","33"
"master-to-a-pet-cat.png","Master to a pet cat","aceshimizu","36"
"master-to-a-pet-dog.png","Master to a pet dog","divinia","33"
"master-to-a-pet-ducklings.png","Master to a pet ducklings","kheten","38"
"master-to-a-pet-fae.png","Master to a pet fae","bywyd","32"
"master-to-a-pet-floppy.png","Master to a pet floppy","azara","53"
"master-to-a-pet-mongrel.png","Master to a pet mongrel","cutiejg","33"
"master-to-a-pet-penguin.png","Master to a pet penguin","aesica","36"
"matrikas-redemption-at-mehadi.png","Matrika's Redemption at Mehadi","biomagus","19"
"may-appoint-guild-council.png","May appoint Guild Council","duplico","28"
"member-of-the-suomi-troupe.png","Member of the Suomi Troupe","brittany","72"
"mended-jowella-and-kharlos-relationship.png","Mended Jowella and Kharlo's Relationship","ishallheal","107"
"mentored.png","Mentored","blader","6"
"mentored-by.png","Mentored by","biomagus","5"
"messenger-of-the-heart.png","Messenger of the Heart","adriela","81"
"mileth-altar-worshipper.png","Mileth Altar Worshipper","mayheart","15"
"mileth-citizen-by-oath-of.png","Mileth Citizen by oath of","ishikawa","14"
"mileth-clave-bard.png","Mileth Clave Bard","kedian","10"
"mileth-clave-lore-keeper.png","Mileth Clave Lore Keeper","mayheart","12"
"mileth-clave-persona.png","Mileth Clave Persona","mayheart","7"
"mileth-college-chancellor.png","Mileth College Chancellor","laurier","175"
"mileth-guest-by-oath-of.png","Mileth Guest by oath of","lantern","74"
"mileth-kingdom-bard.png","Mileth Kingdom Bard","biomagus","22"
"mileth-mundane-birth.png","Mileth mundane birth","anunnaki",""
"mileth-village-bard.png","Mileth Village Bard","ubrei","64"
"monk-by-oath-of.png","Monk by oath of","quipper","7"
"monk-dedication.png","Monk Dedication","eternalty","26"
"monk-guided-by.png","Monk, guided by","quipper","6"
"motley-by-oath-of.png","Motley by oath of","nenya","8"
"motley-council.png","Motley Council","nenya","8"
"motley-leader.png","Motley Leader","duplico","35"
"murdered-tagor-citizens.png","Murdered Tagor citizens","abigor",""
"obtained-gillams-precious-coins.png","Obtained Gillam's precious coins","kallina","166"
"obtained-hostile-disguise-from-glenna.png","Obtained Hostile Disguise from Glenna","biomagus","94"
"obtained-the-yowien-costume.png","Obtained the Yowien Costume","aresfalco","107"
"owner-of-pet-baby-brute.png","Owner of pet baby brute","biomagus","110"
"owner-of-pet-bast.png","Owner of pet bast","auzric","66"
"owner-of-pet-bat.png","Owner of pet bat","spiack","60"
"owner-of-pet-beetle.png","Owner of pet beetle","biomagus","69"
"owner-of-pet-black-scorpion.png","Owner of pet black scorpion","biomagus","78"
"owner-of-pet-blaze.png","Owner of pet blaze","spiack","70"
"owner-of-pet-blue-octopus.png","Owner of pet blue octopus","zaryh","109"
"owner-of-pet-boney-dragon.png","Owner of pet boney dragon","ariesyeo","191"
"owner-of-pet-brawlfish.png","Owner of pet brawlfish","bluenokkad","68"
"owner-of-pet-brown-octopus.png","Owner of pet brown octopus","adriela","85"
"owner-of-pet-carnun-champion.png","Owner of pet carnun champion","acesin","200"
"owner-of-pet-centipede.png","Owner of pet centipede","auzric","67"
"owner-of-pet-chicken.png","Owner of pet chicken","biomagus","83"
"owner-of-pet-chicks.png","Owner of pet chicks","pinklily","138"
"owner-of-pet-crab.png","Owner of pet crab","galaxis","63"
"owner-of-pet-cursed-dog.png","Owner of pet cursed dog","biomagus","77"
"owner-of-pet-deer.png","Owner of pet deer","auzric","64"
"owner-of-pet-dragon.png","Owner of pet dragon","drucilla","63"
"owner-of-pet-enchanted-beast.png","Owner of pet enchanted beast","bruiser","155"
"owner-of-pet-erbie.png","Owner of pet erbie","ffeightbest","62"
"owner-of-pet-female-pig.png","Owner of pet female pig","arohanui","104"
"owner-of-pet-fenix.png","Owner of pet fenix","kai","138"
"owner-of-pet-flame.png","Owner of pet flame","galaxis","63"
"owner-of-pet-fox.png","Owner of pet fox","adriela","71"
"owner-of-pet-frog.png","Owner of pet frog","biomagus","110"
"owner-of-pet-gel.png","Owner of pet gel","biomagus","72"
"owner-of-pet-ghost.png","Owner of pet ghost","galaxis","63"
"owner-of-pet-giant-floppy.png","Owner of pet giant floppy","eiscego","155"
"owner-of-pet-golden-floppy.png","Owner of pet golden floppy","bruiser","155"
"owner-of-pet-green-droplet.png","Owner of pet green droplet","biomagus","74"
"owner-of-pet-green-starfish.png","Owner of pet green starfish","brittany","101"
"owner-of-pet-green-wasp.png","Owner of pet green wasp","biomagus","74"
"owner-of-pet-gremlin.png","Owner of pet gremlin","japjll","67"
"owner-of-pet-grey-yowie.png","Owner of pet grey yowie","biomagus","110"
"owner-of-pet-grim-succubus.png","Owner of pet grim succubus","biomagus","110"
"owner-of-pet-grime.png","Owner of pet grime","biomagus","71"
"owner-of-pet-holiday-erbie.png","Owner of pet holiday erbie","kimchii","80"
"owner-of-pet-horse.png","Owner of pet horse","ilyria","63"
"owner-of-pet-hyena.png","Owner of pet hyena","brandyn","89"
"owner-of-pet-kardi.png","Owner of pet kardi","auzric","67"
"owner-of-pet-kelberoth.png","Owner of pet kelberoth","xeram","165"
"owner-of-pet-kit.png","Owner of pet kit","safe","138"
"owner-of-pet-kraken.png","Owner of pet kraken","dylanlan","67"
"owner-of-pet-larva.png","Owner of pet larva","biomagus","69"
"owner-of-pet-leech.png","Owner of pet leech","ubrei","69"
"owner-of-pet-male-pig.png","Owner of pet male pig","bojingies","104"
"owner-of-pet-mantis.png","Owner of pet mantis","verran","60"
"owner-of-pet-marauder.png","Owner of pet marauder","auzric","67"
"owner-of-pet-mouse.png","Owner of pet mouse","arohanui","90"
"owner-of-pet-nagetier.png","Owner of pet nagetier","peneann","112"
"owner-of-pet-namu.png","Owner of pet namu","biomagus","74"
"owner-of-pet-nikuru.png","Owner of pet nikuru","redence","69"
"owner-of-pet-pink-floppy.png","Owner of pet pink floppy","biomagus","74"
"owner-of-pet-polyp.png","Owner of pet polyp","biomagus","60"
"owner-of-pet-pupa.png","Owner of pet pupa","aceshimizu","60"
"owner-of-pet-red-starfish.png","Owner of pet red starfish","adriela","85"
"owner-of-pet-reindeer.png","Owner of pet reindeer","biomagus","72"
"owner-of-pet-rock-scorpion.png","Owner of pet rock scorpion","neoxbahamut","110"
"owner-of-pet-rouge-mushroom-2.png","Owner of pet rouge mushroom 2","exos","118"
"owner-of-pet-rouge-mushroom-3.png","Owner of pet rouge mushroom 3","bea","118"
"owner-of-pet-salog.png","Owner of pet salog","huhuman","178"
"owner-of-pet-sand-rat.png","Owner of pet sand rat","biomagus","77"
"owner-of-pet-scorpion.png","Owner of pet scorpion","auzric","67"
"owner-of-pet-scrummel.png","Owner of pet scrummel","biomagus","71"
"owner-of-pet-skrull.png","Owner of pet skrull","biomagus","71"
"owner-of-pet-smily-blob.png","Owner of pet smily blob","biomagus","78"
"owner-of-pet-smoldy.png","Owner of pet smoldy","biomagus","71"
"owner-of-pet-snek.png","Owner of pet snek","lux","156"
"owner-of-pet-spinning-doll.png","Owner of pet spinning doll","japjll","110"
"owner-of-pet-succubus.png","Owner of pet succubus","adelaidet","63"
"owner-of-pet-threeeyed-eagle.png","Owner of pet three-eyed eagle","biomagus","77"
"owner-of-pet-turtle.png","Owner of pet turtle","biomagus","69"
"owner-of-pet-unmasked-warrior.png","Owner of pet unmasked warrior","biomagus","110"
"owner-of-pet-viper.png","Owner of pet viper","auzric","67"
"owner-of-pet-vulture.png","Owner of pet vulture","biomagus","77"
"owner-of-pet-wasp.png","Owner of pet wasp","ishikawa","60"
"owner-of-pet-white-baboon.png","Owner of pet white baboon","biomagus","110"
"owner-of-pet-winter-erbie.png","Owner of pet winter erbie","biomagus","80"
"owner-of-pet-wolf.png","Owner of pet wolf","spiack","60"
"pardoned-exiled-of.png","Pardoned exiled of","biomagus","13"
"pattern-walker-of-earth.png","Pattern Walker of Earth","quipper","14"
"pattern-walker-of-night.png","Pattern Walker of Night","bywyd","18"
"pattern-walker-of-sea.png","Pattern Walker of Sea","ishikawa","15"
"performed-divorce-of.png","Performed divorce of","somae","13"
"performed-the-pentagram-ritual.png","Performed the Pentagram Ritual","eze","212"
"piet-clave-memory.png","Piet Clave Memory","kedian","5"
"piet-kingdom-historian.png","Piet Kingdom Historian","nenya","7"
"piet-mundane-birth.png","Piet mundane birth","ailred",""
"-plans-coup-detat-of.png","- Plans coup d'etat of","dender","34"
"plans-heresy-on.png","Plans heresy on","duplicot","26"
"-plans-heresy-on.png","- Plans heresy on","sneakysummy","213"
"-political-clout.png","- Political Clout","diasrad",""
"politically-sponsored-by.png","Politically Sponsored by","adelaidet",""
"priest-by-oath-of.png","Priest by oath of","mayheart","8"
"priest-dedication.png","Priest Dedication","mayheart","15"
"priest-guided-by.png","Priest, guided by","angelic","3"
"private-of-blackstar.png","Private of Blackstar","rocandy","165"
"protected-luwella-from-baby-brutes.png","Protected Luwella from Baby Brutes","aresfalco","107"
"purple-dugon-by.png","Purple Dugon by","copeth","213"
"queen-of-loures-kingdom.png","Queen of Loures Kingdom","naena","173"
"queen-of-mileth-village.png","Queen of Mileth Village","viveena","173"
"queen-of-oren-kingdom.png","Queen of Oren Kingdom","tazz","173"
"queen-of-suomi-village.png","Queen of Suomi Village","bea","173"
"ranger.png","Ranger","ishikawa","33"
"reborn.png","Reborn","jerrica","196"
"received-a-gift-from-arcella.png","Received a Gift from Arcella","aeacus",""
"received-a-gift-from-the-gods.png","Received a Gift from the Gods","biomagus",""
"received-a-pet-from-the-gods.png","Received a pet from the Gods","acesin",""
"received-pet-enchanted-beast-from-areini.png","Received Pet Enchanted Beast from Areini","bruiser","155"
"received-pet-fenix-from-areini.png","Received Pet Fenix from Areini","kallina","138"
"received-pet-giant-floppy-areini.png","Received Pet Giant Floppy Areini","bruiser","155"
"received-pet-golden-floppy-from-areini.png","Received Pet Golden Floppy from Areini","bruiser","155"
"received-pet-hen-from-areini.png","Received Pet Hen from Areini","adelaidet","99"
"received-pet-kit-from-areini.png","Received Pet Kit from Areini","kallina","138"
"received-pet-rooster-from-areini.png","Received Pet Rooster from Areini","adelaidet","99"
"received-spring-garb-from-areini.png","Received Spring Garb from Areini","bruiser","155"
"reclaimed-gillams-precious-coins.png","Reclaimed Gillam's precious coins","alvino","118"
"recouped-gillams-precious-coins.png","Recouped Gillam's precious coins","anunnaki","206"
"recovered-candy-treats.png","Recovered Candy Treats","cinaed","167"
"recovered-gillams-precious-coins.png","Recovered Gillam's precious coins","brib","110"
"recovered-mays-tailoring-machine.png","Recovered May's Tailoring Machine","laurier","210"
"recovered-the-arcane-gauntlet.png","Recovered the Arcane Gauntlet","hihaku","54"
"recovered-the-emerald-knight-insignia.png","Recovered the Emerald Knight Insignia","adelaidet","76"
"recovered-the-obsidian.png","Recovered the Obsidian","cittikat","66"
"recruit-of-blackstar.png","Recruit of Blackstar","notvorlof","164"
"red-dugon-by.png","Red Dugon by","eternalty","26"
"reforged-eclipse.png","Reforged Eclipse","noirgato","67"
"removed-from-office-by.png","Removed from office by","jerry","171"
"-reputable.png","- Reputable","deatomizer",""
"respected-citizen-by.png","Respected Citizen by","angelic","5"
"returned-arcellas-stolen-bag.png","Returned Arcella's Stolen Bag","aresfalco","107"
"reunited-chief-vortigern-and-hostile-chief.png","Reunited Chief Vortigern and Hostile Chief","firemayden","94"
"reviving-erbie-species.png","Reviving Erbie Species","adelaidet","48"
"rogue-by-oath-of.png","Rogue by oath of","monicka","14"
"rogue-dedication.png","Rogue Dedication","raphaela","33"
"rogue-guided-by.png","Rogue, guided by","magb","5"
"rucesion-citizen-by-oath-of.png","Rucesion Citizen by oath of","blader","10"
"rucesion-guest-by-oath-of.png","Rucesion Guest by oath of","pentoflight","54"
"rucesion-kingdom-artist.png","Rucesion Kingdom Artist","brittany","99"
"rucesion-kingdom-lore-keeper.png","Rucesion Kingdom Lore Keeper","brittany","54"
"rucesion-mundane-birth.png","Rucesion mundane birth","aceshimizu",""
"sabonim-of-dugon.png","Sabonim of Dugon","ishikawa","14"
"saved-daughter-of-porte-forest.png","Saved daughter of Porte Forest","zod","34"
"saved-paradise-beach.png","Saved Paradise Beach","brib","109"
"scorpion-form.png","Scorpion Form","punch",""
"scouting-the-forest-for-quinn.png","Scouting the Forest for Quinn","solin","211"
"seized-gillams-precious-coins.png","Seized Gillam's precious coins","airy","134"
"sentenced-criminals.png","Sentenced Criminals","alustria",""
"servant-of-blackstar.png","Servant of Blackstar","jaicen","170"
"set-as-first-move.png","Set as first move","machamp","213"
"set-as-second-move.png","Set as second move","machamp","213"
"set-as-third-move.png","Set as third move","punch","213"
"sgath-scar-by.png","Sgath scar by","raiphie","42"
"sgath-summoning-on.png","Sgath summoning on","duplico","26"
"sgrios-acolyte-by.png","Sgrios Acolyte by","aceshimizu","15"
"sgrios-cleric-by.png","Sgrios Cleric by","phever","214"
"sgrios-high-priest-by.png","Sgrios High Priest by","paramour","172"
"sgrios-minister-by.png","Sgrios Minister by","peneann","127"
"sgrios-priest-by.png","Sgrios Priest by","azuth","21"
"-sgrios-probate-by.png","- Sgrios Probate by","eightprobate","212"
"-sgrios-worshipper-by.png","- Sgrios Worshipper by","dylanlan","64"
"sgrioss-scar.png","Sgrios's scar","duplican","22"
"sinturi-of-the-ancient-flame.png","Sinturi of the Ancient Flame","aeacus","142"
"sir-thibaults-hunt.png","Sir Thibault's Hunt","bluejr","32"
"slayed-giant-floppy.png","Slayed Giant Floppy","amarranth","91"
"slew-terror-of-the-alley.png","Slew Terror of the Alley","falconlady","13"
"slew-terror-of-the-crypt.png","Slew Terror of the Crypt","angelic","4"
"slew-terror-of-the-garden.png","Slew Terror of the Garden","aceshimizu","12"
"small-heart-of-fire-with.png","Small Heart of Fire with","jadeakaino","11"
"small-heart-of-moon-with.png","Small Heart of Moon with","angelic","11"
"small-heart-of-stone.png","Small Heart of Stone","carnaugh","14"
"soldata-of-the-ancient-flame.png","Soldata of the Ancient Flame","bojingles","185"
"summoned-to-court-by.png","Summoned to Court by","anunnaki",""
"suomi-citizen-by-oath-of.png","Suomi Citizen by oath of","reyakeely","96"
"suomi-clave-historian.png","Suomi Clave Historian","ramanayan","33"
"suomi-clave-philosopher.png","Suomi Clave Philosopher","somae","18"
"suomi-coordinator.png","Suomi Coordinator","topic","112"
"suomi-culture-advocate.png","Suomi Culture Advocate","dionia","90"
"suomi-kingdom-philosopher.png","Suomi Kingdom Philosopher","thubub","45"
"suomi-mundane-birth.png","Suomi mundane birth","absobel",""
"suomi-village-lore-keeper.png","Suomi Village Lore Keeper","biomagus","14"
"suomi-village-memory.png","Suomi Village Memory","nalyd","210"
"suomi-village-philosopher.png","Suomi Village Philosopher","kedian","3"
"supported-the-temuarian-beggar.png","Supported The Temuarian Beggar","aeacus","119"
"survived-mech-invasion.png","Survived Mech Invasion","adelaidet",""
"tailor.png","Tailor","aeacus",""
"tamed-giant-floppy.png","Tamed Giant Floppy","dancingwind","99"
"taught-a-class-at-mileth-college.png","Taught a Class at Mileth College","laurier","175"
"team-arena-wins.png","Team Arena Wins","adelaidet",""
"temuair-trinity-battle-champion.png","Temuair Trinity Battle Champion","krazyxone","32"
"-tentative-aisling-artist.png","- Tentative Aisling Artist","biomagus","20"
"-tentative-aisling-bard.png","- Tentative Aisling Bard","moogle","189"
"-tentative-aisling-historian.png","- Tentative Aisling Historian","ramanayan","182"
"-tentative-aisling-lore-keeper.png","- Tentative Aisling Lore Keeper","nalyd","212"
"-tentative-aisling-persona.png","- Tentative Aisling Persona","biomagus","71"
"-tentative-aisling-philosopher.png","- Tentative Aisling Philosopher","wormtongue","214"
"-tentative-clave-artist.png","- Tentative Clave Artist","mayheart","8"
"-tentative-clave-bard.png","- Tentative Clave Bard","kedian","10"
"-tentative-clave-historian.png","- Tentative Clave Historian","ramanayan","33"
"-tentative-clave-lore-keeper.png","- Tentative Clave Lore Keeper","vamistle","14"
"-tentative-clave-memory.png","- Tentative Clave Memory","iglis","210"
"-tentative-clave-persona.png","- Tentative Clave Persona","mayheart","7"
"-tentative-clave-philosopher.png","- Tentative Clave Philosopher","tleilandrek","77"
"-tentative-kingdom-artist.png","- Tentative Kingdom Artist","carnaugh","214"
"-tentative-kingdom-bard.png","- Tentative Kingdom Bard","biomagus","22"
"-tentative-kingdom-historian.png","- Tentative Kingdom Historian","nadja","214"
"-tentative-kingdom-lore-keeper.png","- Tentative Kingdom Lore Keeper","brittany","54"
"-tentative-kingdom-memory.png","- Tentative Kingdom Memory","nalyd","210"
"-tentative-kingdom-philosopher.png","- Tentative Kingdom Philosopher","inuyoko","213"
"-tentative-noble-garment.png","- Tentative Noble Garment","nalyd",""
"-tentative-village-artist.png","- Tentative Village Artist","biomagus","10"
"-tentative-village-bard.png","- Tentative Village Bard","dylanlan","212"
"-tentative-village-lore-keeper.png","- Tentative Village Lore Keeper","dylanlan","212"
"-tentative-village-memory.png","- Tentative Village Memory","nalyd","210"
"-tentative-village-philosopher.png","- Tentative Village Philosopher","kedian","3"
"the-bashelor-champion.png","The Bashelor Champion","disarray","186"
"theatre-director.png","Theatre Director","viveena","57"
"three-move.png","Three Move","punch",""
"told-fisks-secret.png","Told Fisk's Secret","blueskye","84"
"two-move.png","Two Move","machamp",""
"undine-mundane-birth.png","Undine mundane birth","ancalime",""
"undine-village-artist.png","Undine Village Artist","kedian","8"
"walks-the-path-of-necromancy.png","Walks the path of Necromancy","biomagus","17"
"warrior-by-oath-of.png","Warrior by oath of","falconlady","13"
"warrior-dedication.png","Warrior Dedication","xeram","34"
"warrior-guided-by.png","Warrior, guided by","magneticb","6"
"water-reverence-blue.png","Water Reverence blue","angrymon",""
"went-on-a-picnic-with.png","Went on a picnic with","ffnine","137"
"white-bat-form.png","White Bat Form","absobel",""
"white-dugon-by.png","White Dugon by","vileplume","213"
"wished-for-pudgys-health.png","Wished for Pudgy's Health","aceshimizu","89"
"wizard-by-oath-of.png","Wizard by oath of","duplicot","12"
"wizard-dedication.png","Wizard Dedication","krytos","20"
"wizard-guided-by.png","Wizard, guided by","biomagus","5"
"wizardry-researcher.png","Wizardry Researcher","aceshimizu",""
"won-pit-fights.png","Won Pit Fights","aeacus",""
"worthy-of-the-band-of-danaan.png","Worthy of the Band of Danaan","ancalime","31"
"worthy-of-the-cap-of-danaan.png","Worthy of the Cap of Danaan","bluejr","31"
"yellow-dugon-by.png","Yellow Dugon by","kurohige","128"
"zombie-slayer-record.png","Zombie Slayer Record","aceshimizu",""
